variable,Commission Scenario,Sufficiency Scenario,Evitables
m2cap,0.477121650585131,0.477121650585131,0.0
FE_m2,-1.32326548535336,-1.32326548535336,0.0
